name,description,price,discount
Ноутбук Lenovo IdeaPad 3,15.6 IPS Ryzen 5 16 ГБ SSD 512 ГБ,75000,10
Ноутбук ASUS VivoBook 15,15.6 OLED Intel Core i5 16 ГБ SSD 1 ТБ,89000,5
Ноутбук Apple MacBook Air M2,13.6 Retina Apple M2 8 ГБ SSD 256 ГБ,119000,0
Смартфон Samsung Galaxy A54,6.4 Super AMOLED 8/256 ГБ 5000 мАч,45000,15
Смартфон Xiaomi Redmi Note 12,6.67 AMOLED 6/128 ГБ 5000 мАч,25000,10
Смартфон Apple iPhone 15,6.1 Super Retina XDR A16 Bionic 128 ГБ,99900,0
Наушники Sony WH-1000XM5,Беспроводные шумоподавление 30 ч работы,38000,5
Наушники Apple AirPods Pro 2,Беспроводные активное шумоподавление,24900,0
Наушники JBL Tune 510BT,Беспроводные накладные 40 ч работы,3500,10
Клавиатура Logitech MX Keys,Беспроводная подсветка мультиустройство,12000,5
Клавиатура HyperX Alloy Origins,Механическая RGB переключатели HyperX Red,9500,0
Мышь Logitech MX Master 3S,Беспроводная 8000 DPI тихие клики,11000,0
Мышь Razer DeathAdder V3,Проводная 30000 DPI 59 г,8500,10
Монитор Dell UltraSharp U2723QE,27 4K IPS Black USB-C Hub,65000,5
Монитор LG UltraGear 27GP850,27 QHD Nano IPS 165 Гц 1 мс,42000,10
